{
    "image": "asteroid3.png",
    "size": 1,
    "density": 150,
    "shape": [
		[6.1831667, 265.54294],
		[21.984593, 230.505],
		[23.35863, 190.65793],
		[30.915833, 181.72668],
		[31.602852, 171.42141],
		[41.90813, 167.2993],
		[34.350926, 159.74209],
		[56.335519, 120.58204],
		[61.831667, 93.788314],
		[56.335519, 91.727258],
		[65.953778, 86.23111],
		[91.373463, 49.819128],
		[103.05278, 51.193165],
		[120.91526, 13.407147],
		[154.57917, 11.346091],
		[179.31183, 14.781184],
		[175.87674, 26.460499],
		[267.2502, 29.208573],
		[309.15833, 68.368628],
		[353.12752, 83.483036],
		[394.34863, 58.063351],
		[424.57745, 12.720128],
		[445.87502, 17.529258],
		[456.1803, 24.399443],
		[469.23365, 23.025406],
		[482.97402, 25.77348],
		[489.15719, 22.338388],
		[503.58458, 24.399443],
		[542.74463, 35.391739],
		[533.81339, 109.58974],
		[515.95091, 135.69644],
		[514.57687, 147.37576],
		[515.26389, 165.23824],
		[518.01196, 174.16948],
		[552.36289, 198.21513],
		[574.34748, 214.01655],
		[596.33208, 220.88674],
		[649.2325, 262.79487],
		[647.85847, 266.22996],
		[682.89641, 304.01598],
		[665.03393, 298.51983],
		[596.33208, 292.33667],
		[584.65276, 298.51983],
		[599.76717, 316.38231],
		[590.14891, 317.75635],
		[547.55376, 328.06163],
		[531.06532, 339.05393],
		[520.76004, 337.67989],
		[481.59998, 352.7943],
		[471.98172, 350.04622],
		[451.37117, 347.29815],
		[443.12695, 369.28274],
		[430.07359, 372.03081],
		[428.69956, 380.27504],
		[362.05876, 383.71013],
		[302.97517, 402.94665],
		[282.36461, 405.0077],
		[251.44878, 416.0],
		[237.70841, 407.06876],
		[211.6017, 409.81683],
		[208.16661, 405.0077],
		[195.11326, 399.51156],
		[177.9378, 390.58031],
		[171.06761, 387.83224],
		[169.00656, 381.64907],
		[129.8465, 370.65678],
		[114.73209, 368.59572],
		[112.67104, 365.16063],
		[81.068185, 360.3515],
		[70.075889, 355.54237],
		[39.847074, 335.61883],
		[23.35863, 311.57318],
		[15.801426, 301.26791],
		[12.366333, 284.09244],
		[5.4961482, 279.28331],
		[6.1831667, 265.54294]
	]
}
