{
    "image": "asteroid2.png",
    "size": 1,
    "density": 150,
    "shape": [
		[11.703216, 369.07665],
		[10.867272, 347.3421],
		[30.929929, 287.15413],
		[34.273705, 267.92742],
		[25.078321, 228.63805],
		[23.406433, 213.59106],
		[19.226713, 205.23162],
		[25.078321, 180.98924],
		[25.914265, 151.7312],
		[15.046993, 140.86393],
		[25.914265, 139.19204],
		[28.422097, 119.96533],
		[18.390769, 113.27777],
		[30.093985, 109.09805],
		[63.531747, 61.449244],
		[86.93818, 60.6133],
		[91.953844, 59.777356],
		[98.641396, 27.175538],
		[112.85244, 11.292602],
		[117.86811, 6.2769373],
		[128.73538, 6.2769373],
		[138.76671, 3.7691052],
		[169.69664, 15.472322],
		[168.02475, 28.847426],
		[173.87636, 25.50365],
		[179.72797, 19.652042],
		[219.85328, 23.831762],
		[302.61174, 17.980154],
		[317.65873, 26.339594],
		[349.42461, 66.464908],
		[366.97943, 28.011482],
		[387.87803, 33.027146],
		[391.22181, 42.222531],
		[419.64391, 48.074139],
		[421.31579, 43.894419],
		[426.33146, 46.402251],
		[440.54251, 47.238195],
		[469.80055, 59.777356],
		[482.33971, 120.80127],
		[483.17565, 127.48882],
		[464.78488, 145.87959],
		[459.76922, 185.16896],
		[463.94894, 199.38001],
		[459.76922, 256.2242],
		[457.26139, 264.58364],
		[467.29272, 264.58364],
		[470.63649, 271.2712],
		[514.10558, 286.31819],
		[514.94153, 291.33385],
		[527.48069, 295.51357],
		[533.33229, 308.88868],
		[549.21523, 325.60756],
		[551.72306, 336.47483],
		[551.72306, 343.16238],
		[543.36362, 341.4905],
		[546.7074, 352.35777],
		[543.36362, 362.3891],
		[550.05117, 377.43609],
		[565.09817, 389.13931],
		[524.13691, 376.60014],
		[518.2853, 385.79553],
		[533.33229, 401.67847],
		[499.89453, 394.15497],
		[492.37104, 393.31903],
		[487.35537, 403.35035],
		[485.68348, 423.41301],
		[494.87887, 430.10056],
		[466.45677, 440.13189],
		[456.42544, 456.01483],
		[449.73789, 475.24154],
		[453.91761, 482.76504],
		[443.05034, 487.7807],
		[442.21439, 497.81203],
		[389.54992, 508.6793],
		[346.91677, 537.93734],
		[333.54167, 537.93734],
		[297.59608, 553.82028],
		[264.99426, 536.26546],
		[215.67356, 529.5779],
		[207.31412, 527.07007],
		[185.57958, 537.93734],
		[179.72797, 527.07007],
		[172.20447, 531.24979],
		[168.86069, 522.05441],
		[150.46993, 512.02308],
		[146.29021, 503.66364],
		[140.4386, 495.3042],
		[125.39161, 493.63231],
		[116.19622, 491.12448],
		[112.0165, 485.27287],
		[71.055243, 472.73371],
		[35.945593, 440.13189],
		[29.258041, 414.21763],
		[18.390769, 391.64714],
		[21.734545, 383.2877],
		[11.703216, 369.07665]
    ]
}
