{
    "image": "asteroid0.png",
    "size": 1,
    "density": 150,
    "shape": [
		[14.31292, 405.39982],
		[35.186325, 380.77539],
		[65.0, 337.0],
		[99.762712, 296.04661],
		[112.44518, 285.05071],
		[154.91631, 238.6964],
		[167.54536, 215.12218],
		[166.70342, 188.18021],
		[143.1292, 139.34789],
		[142.28726, 55.996185],
		[193.62295, 37.289113],
		[207.13722, 35.608516],
		[217.186, 34.907045],
		[224.87505, 26.43451],
		[241.63577, 19.792917],
		[276.7505, 91.213063],
		[286.30071, 97.497669],
		[317.31878, 82.164346],
		[351.87927, 70.343963],
		[359.79786, 70.824396],
		[365.14012, 65.423781],
		[418.83348, 45.501896],
		[438.6489, 55.154248],
		[447.06826, 46.734884],
		[452.96182, 48.418757],
		[465.59086, 43.367138],
		[463.06506, 23.160663],
		[518.63286, 16.425171],
		[530.21569, 31.76679],
		[536.31353, 47.57682],
		[564.93937, 51.786502],
		[603.66845, 98.093008],
		[610.40394, 98.934944],
		[600.09642, 107.25216],
		[603.07311, 117.39771],
		[604.76544, 126.28693],
		[614.61362, 132.6124],
		[607.03619, 139.34789],
		[605.35232, 185.6544],
		[609.21326, 216.9082],
		[601.51204, 253.77947],
		[596.93295, 281.63516],
		[602.38801, 309.6051],
		[619.66524, 356.5675],
		[591.88133, 447.49664],
		[540.52321, 488.75153],
		[528.7361, 492.11927],
		[521.15867, 501.38057],
		[506.00382, 499.6967],
		[482.42959, 517.37737],
		[471.48442, 535.89997],
		[457.1715, 543.4774],
		[443.70052, 550.21289],
		[434.43922, 559.47419],
		[413.3908, 548.52902],
		[404.1295, 553.58064],
		[345.19395, 514.85156],
		[324.14554, 505.59026],
		[320.77779, 493.80315],
		[311.51649, 487.06765],
		[298.04551, 494.64508],
		[290.46808, 488.75153],
		[293.83583, 482.01604],
		[278.01498, 480.0473],
		[254.26481, 482.85797],
		[242.4777, 476.12248],
		[233.2164, 470.22893],
		[186.9099, 477.80635],
		[164.61892, 467.98711],
		[139.76145, 465.17731],
		[117.02917, 449.18051],
		[89.245265, 439.07728],
		[80.825901, 425.60629],
		[84.908655, 414.49914],
		[97.069291, 404.16683],
		[80.825901, 395.29658],
		[69.667375, 391.95158],
		[31.535115, 398.16426],
		[14.31292, 405.39982]
    ]
}
