{
    "image": "asteroid1.json",
    "size": 0.1,
    "density": 150,
    "shape": [
		[32.904435, 437.7232],
		[55.417996, 344.20533],
		[64.942964, 332.94855],
		[72.73612, 305.23955],
		[71.004307, 294.84868],
		[77.931557, 267.13968],
		[43.295309, 238.56478],
		[58.015714, 193.53765],
		[9.524968, 169.29228],
		[2.5977186, 148.51053],
		[5.1954371, 136.38785],
		[12.988593, 129.4606],
		[11.25678, 118.20382],
		[27.708998, 80.103943],
		[35.502154, 73.176693],
		[54.55209, 78.372131],
		[58.015714, 75.774412],
		[64.942964, 81.835755],
		[107.37237, 49.797226],
		[123.82458, 47.199508],
		[143.74043, 64.517632],
		[150.66768, 68.847163],
		[180.10849, 57.590382],
		[192.23117, 35.076821],
		[200.89024, 11.697354],
		[228.59923, 3.9041986],
		[244.18554, 6.5019172],
		[251.9787, 11.697354],
		[250.24689, 33.345009],
		[254.57642, 41.138165],
		[277.08998, 51.529039],
		[322.1171, 35.076821],
		[364.5465, 50.663133],
		[456.33256, 66.249444],
		[453.73484, 74.0426],
		[460.66209, 85.29938],
		[456.33256, 93.092536],
		[500.49378, 153.70597],
		[498.76196, 190.07403],
		[503.9574, 216.05121],
		[514.34827, 229.03981],
		[507.42103, 305.23955],
		[514.34827, 319.09405],
		[513.48237, 332.08264],
		[515.21418, 371.91433],
		[514.34827, 423.00279],
		[502.22559, 453.30951],
		[496.16424, 461.96857],
		[486.63928, 487.94576],
		[481.44384, 495.73891],
		[464.12572, 531.24107],
		[459.79618, 539.90013],
		[417.36678, 563.27959],
		[386.19416, 553.75463],
		[368.01013, 545.09556],
		[329.91026, 547.69328],
		[282.28542, 560.68188],
		[199.15842, 569.34094],
		[184.43802, 581.46362],
		[169.71761, 545.96147],
		[116.89734, 518.25247],
		[100.44512, 497.47072],
		[48.490746, 466.2981],
		[37.233966, 448.11407],
		[30.306717, 455.90723],
		[30.306717, 443.78454],
		[32.904435, 437.7232]
	]
}
